{"_1": 0, "_2": 2, "_3": "randomNoise", "_4": [], "_5": []}
{"_1": 1, "_2": 15, "_3": "originCode", "_4": [], "_5": []}
{"_1": 2, "_2": 2, "_3": "defaultDate", "_4": [], "_5": []}
{"_1": 3, "_2": 17, "_3": "destinationCode", "_4": [1, 2], "_5": [86.05244205920917, 21.487196720765972]}
{"_1": 4, "_2": 3, "_3": "deviceType", "_4": [], "_5": []}
{"_1": 5, "_2": 17, "_3": "starRating", "_4": [], "_5": []}
{"_1": 6, "_2": 2, "_3": "lengthOfStay", "_4": [1, 3, 4], "_5": [6.042368301055284, 12.04026920385865, 6.470338788549532]}
{"_1": 7, "_2": 5, "_3": "checkinDate", "_4": [], "_5": []}
{"_1": 8, "_2": 2, "_3": "LTC", "_4": [1, 3, 4, 6, 7], "_5": [29.75251306553012, 42.494732917501146, 6.531432177414888, 5.564866423559927, 5.650083494303387]}
